age,school,female,male,black,hisp,exp,married,schoolf,schoolm,siblings,wages,asvab02,asvab03,lnwages,exp2
40,17,0,1,0,0,17.57692,1,16,16,5,30.44,66,57,3.415758,308.9481
38,18,0,1,0,0,11.17308,0,16,16,2,57.69,50,60,4.055084,124.8377
38,18,0,1,0,0,13.75,1,16,15,5,37.79,57,42,3.632045,189.0625
38,12,0,1,0,0,21.57692,1,16,16,1,18.49,34,48,2.91723,465.5634
44,13,0,1,0,0,21.82692,1,12,12,3,27,47,52,3.295837,476.4144
44,12,0,1,0,0,20.38461,1,10,10,3,14,58,56,2.639057,415.5323
40,16,0,1,0,0,13.01923,1,16,16,2,38.81,59,51,3.658678,169.5004
38,12,0,1,0,0,19,0,12,12,1,22.18,50,56,3.099191,361
41,12,0,1,0,0,22.40385,1,9,11,4,12.3,50,59,2.509599,501.9325
41,14,0,1,0,0,16.51923,0,14,12,4,11.9,53,56,2.476538,272.8849
39,19,0,1,0,0,10.96154,0,12,16,1,27.4,51,51,3.310543,120.1554
39,12,0,1,1,0,6.692307,0,12,12,0,13.5,38,47,2.60269,44.78697
44,12,0,1,0,0,21.30769,1,0,0,2,25,40,29,3.218876,454.0176
42,12,0,1,0,0,20.03846,0,9,11,4,10,31,41,2.302585,401.5399
42,19,0,1,0,0,16.88461,1,16,16,2,81.82,64,60,4.404522,285.09
40,14,0,1,0,0,15.03846,1,14,16,2,15.38,46,54,2.733068,226.1553
42,14,0,1,0,0,21.96154,0,14,12,0,28.84,61,55,3.361763,482.3092
44,15,0,1,0,0,20.75,1,12,14,4,9.61,64,61,2.262804,430.5625
39,9,0,1,0,0,4.269231,1,10,9,3,12.5,36,25,2.525729,18.22633
44,14,0,1,0,0,23.26923,1,8,12,8,15.93,65,52,2.768204,541.457
38,16,0,1,0,0,16.38461,1,12,10,2,83.33,58,54,4.422809,268.4554
45,12,0,1,0,0,21.11539,1,7,12,2,18.75,53,55,2.931194,445.8597
40,13,0,1,1,0,21.36539,1,12,12,2,21.83,40,47,3.083285,456.4799
42,14,0,1,0,0,20.78846,1,12,12,3,28.84,46,51,3.361763,432.1601
39,12,0,1,0,0,22.07692,1,10,12,1,16.71,53,55,2.816007,487.3904
38,18,0,1,0,0,13.30769,1,14,12,1,38.46,51,51,3.649619,177.0946
42,12,0,1,0,0,19.67308,1,14,10,6,18.2,46,55,2.901422,387.0301
39,14,0,1,0,0,15.25,1,12,12,2,36.05,64,42,3.584907,232.5625
40,19,0,1,0,0,11.71154,1,16,16,2,25.76,65,60,3.248823,137.1602
43,11,0,1,0,0,23.01923,1,10,12,4,21.11,53,51,3.049747,529.8849
39,13,0,1,0,1,14.19231,1,12,12,3,23.6,38,33,3.161247,201.4217
42,12,0,1,0,0,19.13461,1,11,8,7,20.94,64,55,3.041661,366.1333
42,12,0,1,0,0,21.5,0,14,12,1,21,53,54,3.044523,462.25
39,16,0,1,0,0,16.03846,1,13,12,5,17.94,51,54,2.887033,257.2322
41,12,0,1,0,0,21.92308,1,12,12,1,10.83,45,50,2.38232,480.6215
43,16,0,1,0,0,16.92308,1,20,17,3,15.69,62,59,2.753024,286.3907
37,13,0,1,0,0,17.19231,1,12,12,3,18,59,46,2.890372,295.5755
40,12,0,1,0,0,14.30769,1,12,11,1,12.5,47,50,2.525729,204.71
39,13,0,1,0,0,18.38461,1,12,11,3,25,62,56,3.218876,337.9939
41,14,0,1,0,0,10.75,1,17,12,7,11.39,65,60,2.432736,115.5625
43,16,0,1,1,0,19.48077,0,6,12,2,23.25,49,60,3.146305,379.5004
43,12,0,1,0,0,21.67308,0,8,10,4,14.25,43,54,2.656757,469.7224
40,15,0,1,0,1,20.55769,0,11,12,2,24.61,64,42,3.203153,422.6186
41,12,0,1,0,0,18.09615,0,12,12,1,17.75,42,59,2.876385,327.4706
40,14,0,1,0,0,18.28846,0,16,16,3,15,51,55,2.70805,334.4678
45,12,0,1,1,0,21.36539,1,10,11,6,12,35,28,2.484907,456.4799
39,14,0,1,0,0,1.923077,0,11,11,2,8,54,48,2.079442,3.698225
38,14,0,1,0,0,18.15385,0,10,12,0,8,62,61,2.079442,329.5623
40,14,0,1,0,0,13.80769,1,8,5,5,13.73,58,59,2.619583,190.6523
44,19,0,1,0,0,10.32692,1,18,15,3,48.07,65,60,3.872658,106.6453
45,12,0,1,0,0,23.40385,1,8,8,7,12.44,46,54,2.520917,547.7402
40,12,0,1,0,1,8.903846,0,5,5,3,8,39,29,2.079442,79.27847
41,10,0,1,0,0,15.61539,0,9,12,5,13.5,38,33,2.60269,243.8404
40,16,0,1,0,0,18.32692,0,16,12,7,11.92,66,60,2.478218,335.876
39,12,0,1,0,0,18.53846,1,13,13,5,25.5,54,51,3.238678,343.6745
45,12,0,1,0,0,20.82692,1,12,12,4,27.77,62,60,3.323956,433.7606
41,16,0,1,0,0,17.55769,0,12,12,2,13,62,61,2.564949,308.2725
39,12,0,1,0,0,18.61539,1,12,10,1,20.1,61,59,3.00072,346.5328
37,12,0,1,1,0,17.34615,1,10,11,6,9.8,38,33,2.282382,300.8889
38,16,0,1,0,0,17.36539,1,12,12,4,22.43,66,60,3.110399,301.5568
44,12,0,1,1,0,22.38461,0,10,9,3,10.56,34,39,2.357073,501.0707
39,9,0,1,0,0,21.82692,1,10,9,3,16.36,36,29,2.794839,476.4144
45,8,0,1,0,0,22.44231,0,3,6,1,12.3,54,31,2.509599,503.6573
41,16,0,1,0,0,18.44231,1,14,12,1,23.07,61,54,3.138533,340.1188
39,12,0,1,1,0,19.53846,1,11,10,3,13.73,35,29,2.619583,381.7514
41,12,0,1,0,0,19.63461,1,12,12,3,58.6,58,55,4.070735,385.5179
42,12,0,1,0,0,21.65385,0,12,12,3,12,51,43,2.484907,468.8893
39,12,0,1,0,0,20.61539,1,12,14,1,10,49,59,2.302585,424.9943
45,9,0,1,0,0,20.48077,1,6,8,8,9.85,43,43,2.287472,419.4619
40,12,0,1,0,0,20.61539,1,12,11,4,12,57,54,2.484907,424.9943
45,11,0,1,0,0,21.01923,0,12,12,1,13.5,39,56,2.60269,441.808
38,16,0,1,0,0,12.03846,1,12,16,6,56,58,60,4.025352,144.9245
39,19,0,1,0,0,8.230769,1,11,14,2,32.69,66,60,3.487069,67.74556
39,16,0,1,0,1,15.28846,1,3,11,4,14.24,50,50,2.656055,233.737
37,12,0,1,1,0,19.26923,1,10,10,3,20,42,39,2.995732,371.3032
39,18,0,1,0,0,14.13461,1,13,16,2,39.31,58,56,3.671479,199.7872
43,12,0,1,0,0,23.36539,1,8,12,3,36.32,65,57,3.592369,545.9415
44,12,0,1,0,0,23.13461,1,11,12,1,21.63,50,54,3.074081,535.2101
38,18,0,1,0,0,9.673077,0,16,13,3,31.25,51,54,3.442019,93.56841
43,12,0,1,1,0,21.76923,0,10,12,2,9.16,47,46,2.214846,473.8994
43,12,0,1,0,0,22.96154,1,12,12,2,27.8,59,56,3.325036,527.2323
40,12,0,1,1,0,21.11539,0,12,10,3,17.95,36,28,2.88759,445.8597
41,12,0,1,0,0,13.17308,0,14,12,3,12.5,53,48,2.525729,173.53
39,16,0,1,0,0,14.46154,1,13,12,2,16.15,66,55,2.78192,209.1361
42,15,0,1,0,0,12.96154,1,14,16,2,2.5,61,59,0.9162908,168.0015
40,16,0,1,0,0,17.07692,1,9,11,2,20.74,51,56,3.032064,291.6212
37,12,0,1,0,0,15.23077,0,2,8,12,12,38,26,2.484907,231.9764
44,19,0,1,0,0,18.94231,1,16,16,2,47,66,61,3.850147,358.8111
43,13,0,1,0,0,20.26923,1,1,3,8,20.5,43,42,3.020425,410.8417
39,16,0,1,0,0,17.40385,1,16,14,4,33.76,66,59,3.519277,302.894
44,16,0,1,0,0,21.28846,1,12,12,1,42.59,51,54,3.75162,453.1985
38,12,0,1,0,1,19.75,1,8,8,7,20,36,42,2.995732,390.0625
41,18,0,1,0,0,16.76923,1,17,16,3,71.22,65,59,4.265774,281.2071
44,19,0,1,0,0,17.96154,1,18,16,1,47,54,60,3.850147,322.6169
40,12,0,1,0,0,17.75,1,6,10,4,25,38,33,3.218876,315.0625
45,12,0,1,0,0,19,1,11,9,3,29.8,54,55,3.394508,361
44,12,0,1,1,0,19.28846,0,7,10,2,4.46,38,33,1.495149,372.0447
44,16,0,1,0,0,19.84615,1,13,12,3,26.04,45,60,3.259634,393.8697
41,12,0,1,0,0,22.78846,1,8,12,1,13.27,53,50,2.585506,519.3139
44,17,0,1,0,0,17.11539,1,12,12,2,18,65,61,2.890372,292.9366
42,9,0,1,0,0,22.07692,0,13,15,5,18.26,55,60,2.904713,487.3904
37,12,0,1,0,0,13.88461,1,11,12,3,9.25,59,42,2.224623,192.7824
38,14,0,1,0,1,15.01923,1,12,12,2,23.07,46,56,3.138533,225.5773
45,14,0,1,0,0,22.11539,1,7,4,5,21.9,61,60,3.086487,489.0905
40,12,0,1,0,0,21.67308,1,12,12,3,13.4,47,41,2.595255,469.7224
37,16,0,1,0,0,13.13461,1,16,16,2,15,45,54,2.70805,172.518
43,17,0,1,0,0,19.01923,1,16,14,3,30,54,56,3.401197,361.7311
39,12,0,1,0,0,20.65385,1,9,10,6,12.54,47,35,2.528924,426.5815
44,13,0,1,0,0,22.07692,0,16,12,2,113.96,66,61,4.735847,487.3904
38,15,0,1,0,0,10.90385,1,15,12,1,39.53,57,60,3.67706,118.8939
39,14,0,1,0,0,15.55769,1,6,6,4,14.21,57,51,2.653946,242.0417
40,12,0,1,0,0,18.23077,1,12,10,2,16,35,52,2.772589,332.361
43,15,0,1,1,0,17.90385,1,12,15,1,11.36,50,59,2.430098,320.5479
41,12,0,1,0,0,21.92308,0,8,8,4,14.63,55,37,2.683074,480.6215
38,13,0,1,0,0,9.269231,1,16,12,2,38.88,53,48,3.66048,85.91864
44,12,0,1,0,0,20.23077,1,12,12,5,16.61,55,47,2.810005,409.2841
38,10,0,1,1,0,5.75,0,10,12,3,4.36,35,38,1.472472,33.0625
39,13,0,1,1,0,19.23077,1,12,12,3,14,40,41,2.639057,369.8225
44,13,0,1,0,0,22.13461,0,11,11,2,28.84,66,61,3.361763,489.9409
38,16,0,1,0,0,11.78846,1,10,12,1,32.05,55,59,3.467297,138.9678
40,12,0,1,0,0,19.36539,1,12,11,2,25.9,51,57,3.254243,375.0184
43,16,0,1,0,0,21.46154,1,18,12,0,86.53,61,57,4.460491,460.5977
41,14,0,1,0,0,19.51923,1,9,10,3,18.18,40,52,2.900322,381.0003
38,12,0,1,0,0,19.90385,1,8,11,0,14.2,53,44,2.653242,396.1633
40,16,0,1,0,0,14.88461,0,16,12,1,69.76,50,59,4.245061,221.5516
38,12,0,1,1,0,7.25,1,11,8,2,8.12,42,35,2.09433,52.5625
44,14,0,1,0,0,18.26923,1,10,10,4,23.04,64,52,3.137232,333.7648
42,12,0,1,0,0,23.30769,1,12,12,6,19.46,57,57,2.968361,543.2484
39,17,0,1,0,0,10,1,16,16,2,36.05,66,57,3.584907,100
43,12,0,1,1,0,20.38461,0,12,8,2,15,36,59,2.70805,415.5323
43,11,0,1,0,0,20.88461,0,12,11,6,14.1,53,51,2.646175,436.1669
41,12,0,1,0,0,14.42308,0,10,12,1,9,42,56,2.197225,208.0253
39,12,0,1,0,0,20.51923,1,12,12,5,21.63,42,51,3.074081,421.0388
38,12,0,1,0,0,10.65385,1,9,13,1,16.02,49,42,2.773838,113.5045
40,12,0,1,0,0,18.53846,1,12,12,3,13.67,53,48,2.615204,343.6745
43,14,0,1,0,0,21.48077,0,14,16,2,26.44,59,59,3.274878,461.4235
40,12,0,1,0,0,19.05769,1,11,12,5,18.96,51,46,2.942332,363.1955
45,12,0,1,0,0,22.88461,1,12,10,6,24.94,64,56,3.216473,523.7053
42,12,0,1,0,0,22.5,1,12,11,3,19.23,65,59,2.956471,506.25
39,13,0,1,0,0,16.53846,1,9,8,3,13.75,47,52,2.621039,273.5207
37,14,0,1,0,0,10.01923,0,16,13,2,5.25,57,48,1.658228,100.385
45,16,0,1,0,0,23.21154,1,12,12,2,123.93,64,60,4.819717,538.7756
44,19,0,1,0,0,15.5,1,16,15,5,39.81,65,59,3.684118,240.25
39,18,0,1,0,0,14.19231,1,20,16,2,113.12,66,61,4.728449,201.4217
41,12,0,1,0,0,13.88461,1,18,12,1,11.42,50,41,2.435366,192.7824
44,12,0,1,0,0,16.90385,1,12,12,3,7.5,47,52,2.014903,285.7402
44,9,0,1,0,0,15.78846,1,7,12,11,9.85,42,34,2.287472,249.2755
41,12,0,1,0,1,14.69231,1,6,9,7,10.75,38,46,2.374906,215.864
38,14,0,1,0,0,17.42308,1,16,12,1,16.82,43,55,2.822569,303.5637
40,12,0,1,0,0,21.03846,1,16,8,3,16.62,57,47,2.810607,442.6168
41,14,0,1,0,0,20.44231,1,13,15,2,24.03,64,60,3.179303,417.8881
39,12,0,1,1,0,17.67308,0,10,16,3,12,51,52,2.484907,312.3378
41,12,0,1,0,1,19.65385,1,12,8,5,16,46,44,2.772589,386.2738
39,14,0,1,0,0,18.28846,1,12,12,2,17.3,49,48,2.850706,334.4678
43,12,0,1,0,0,22.82692,1,12,12,3,26.44,59,60,3.274878,521.0682
40,12,0,1,0,0,17.26923,0,12,6,2,11.16,35,34,2.412336,298.2263
40,12,0,1,1,0,20.44231,1,7,10,2,12,31,44,2.484907,417.8881
40,12,0,1,0,0,17.26923,1,16,16,3,15.5,47,48,2.74084,298.2263
40,17,0,1,0,0,15.19231,0,16,12,6,22.43,61,60,3.110399,230.8063
38,12,0,1,0,0,10.75,1,4,6,1,12.72,42,29,2.543176,115.5625
39,20,0,1,0,1,7.423077,0,12,12,1,19.58,61,57,2.974509,55.10207
40,16,0,1,0,0,18.42308,1,12,12,2,23.7,62,56,3.165475,339.4099
41,12,0,1,1,0,9.519231,0,6,6,10,5.15,47,39,1.638997,90.61575
38,12,0,1,1,0,17.26923,0,9,6,9,10.67,38,41,2.367436,298.2263
41,13,0,1,0,0,16.94231,1,14,12,2,11.25,53,51,2.420368,287.0419
37,13,0,1,0,0,19.03846,1,12,12,4,11.62,51,41,2.452728,362.463
39,16,0,1,0,0,16,1,12,13,2,26.49,50,55,3.276767,256
37,14,0,1,0,0,10.94231,1,12,11,2,15.62,57,55,2.748552,119.7342
40,18,0,1,0,0,8.75,0,8,12,2,15.5,66,60,2.74084,76.5625
40,12,0,1,0,0,21.84615,1,12,10,0,32.5,54,52,3.48124,477.2542
38,12,0,1,0,0,20.01923,1,12,12,2,36.92,38,37,3.608753,400.7696
39,18,0,1,0,0,7.019231,1,15,12,2,21.92,49,56,3.087399,49.2696
42,12,0,1,0,0,23.07692,1,12,12,2,10.5,57,48,2.351375,532.5442
43,13,0,1,0,0,20.80769,1,12,10,5,20.68,65,56,3.029167,432.96
44,20,0,1,0,0,18.13461,1,16,14,3,55.94,62,60,4.02428,328.864
37,16,0,1,0,0,15.98077,1,18,12,2,31.86,45,47,3.461351,255.385
40,17,0,1,0,0,15.88461,1,18,16,2,16.92,64,59,2.828496,252.3208
43,14,0,1,0,0,17.88461,1,6,13,2,18,54,59,2.890372,319.8593
37,12,0,1,0,0,18.71154,1,10,9,2,15.38,35,28,2.733068,350.1217
41,14,0,1,0,0,20.38461,1,18,12,3,23.07,61,60,3.138533,415.5323
40,13,0,1,0,0,21.69231,0,14,12,1,30,46,52,3.401197,470.5563
41,13,0,1,0,1,18.07692,0,4,6,1,12,42,50,2.484907,326.775
41,15,0,1,0,0,11.98077,1,14,14,3,32.69,57,54,3.487069,143.5388
45,13,0,1,0,0,22.07692,0,10,12,1,21.36,61,57,3.06152,487.3904
44,14,0,1,0,0,22.75,1,14,16,2,34,46,52,3.526361,517.5625
43,15,0,1,0,0,14.44231,1,14,18,1,13.9,61,57,2.631889,208.5803
43,9,0,1,0,0,10.96154,1,4,7,3,8,35,35,2.079442,120.1554
38,12,0,1,0,0,17.65385,0,16,12,5,13,61,52,2.564949,311.6584
40,18,0,1,0,0,11.86539,0,12,12,1,50.16,65,61,3.915218,140.7875
45,17,0,1,0,0,22.26923,1,17,17,2,40,64,61,3.688879,495.9186
45,18,0,1,0,0,6.25,1,12,12,2,17.44,59,60,2.858767,39.0625
44,14,0,1,0,0,20.65385,1,10,12,0,8.5,42,54,2.140066,426.5815
44,18,0,1,0,0,19.98077,1,17,16,2,16.66,66,56,2.813011,399.2312
38,13,0,1,0,0,11.13461,1,12,12,8,14.46,62,57,2.671386,123.9795
43,14,0,1,0,0,16.55769,0,12,12,1,8.82,40,51,2.177022,274.1571
38,18,0,1,0,0,13.94231,1,8,8,6,64.1,65,61,4.160444,194.388
38,12,0,1,0,0,12.48077,0,8,12,2,5.15,65,61,1.638997,155.7696
37,16,0,1,0,0,16.63461,1,16,14,2,34.52,54,54,3.541539,276.7102
39,12,0,1,0,0,13.67308,1,9,8,3,15.63,35,33,2.749192,186.9531
42,12,0,1,0,0,23.34615,1,12,12,2,17.17,58,52,2.843164,545.0427
45,13,0,1,0,1,15.61539,0,0,2,6,12.98,45,38,2.56341,243.8404
40,12,0,1,0,0,21.61539,1,12,12,3,11.27,42,46,2.422144,467.2251
40,12,0,1,0,0,19.90385,1,12,12,1,15,40,38,2.70805,396.1633
41,16,0,1,0,0,18.98077,1,16,14,2,20.76,64,59,3.033028,360.2696
42,12,0,1,0,0,3.019231,1,12,9,3,17.3,49,37,2.850706,9.115756
43,10,0,1,0,0,22.98077,1,7,9,3,19.23,53,52,2.956471,528.1158
42,13,0,1,1,0,21.48077,0,8,12,3,24,38,42,3.178054,461.4235
40,12,0,1,0,0,21.15385,1,12,12,2,17.52,54,59,2.863343,447.4854
41,12,0,1,0,0,19.84615,0,12,7,0,26.22,36,44,3.266522,393.8697
41,16,0,1,0,0,18.34615,0,11,12,2,58,65,61,4.060443,336.5812
41,12,0,1,0,0,20.69231,0,12,12,2,14.89,47,50,2.70069,428.1717
43,12,0,1,0,0,23.11539,1,11,11,4,20.76,59,56,3.033028,534.3213
40,14,0,1,0,0,17.57692,0,12,12,5,6.75,58,57,1.909543,308.9481
41,16,0,1,0,0,19.11539,1,9,12,1,32.05,66,61,3.467297,365.3982
38,12,0,1,0,1,9.788462,0,12,16,3,4,39,44,1.386294,95.81398
41,16,0,1,0,0,18.57692,1,14,12,2,34.61,64,56,3.544143,345.1019
40,12,0,1,0,0,23.25,0,10,11,1,8.12,42,55,2.09433,540.5625
44,12,0,1,0,0,22.13461,0,12,12,4,23,45,50,3.135494,489.9409
42,20,0,1,0,0,11.48077,0,6,19,3,35.57,65,59,3.571503,131.8081
40,12,0,1,0,0,16.76923,1,12,12,5,9.95,58,61,2.297573,281.2071
39,12,0,1,0,0,20.17308,0,12,12,6,15,38,41,2.70805,406.9532
40,12,0,1,0,0,22.38461,1,12,12,1,19.02,55,51,2.945491,501.0707
40,15,0,1,0,0,20.15385,1,12,10,3,36.71,46,54,3.603049,406.1777
38,16,0,1,0,0,13.30769,1,16,12,3,20.15,53,57,3.003204,177.0946
44,11,0,1,1,0,6.730769,0,6,12,7,6.15,39,28,1.816452,45.30325
41,12,0,1,0,0,22.63461,1,12,12,7,25.62,64,57,3.243373,512.3256
38,12,0,1,0,0,19.59615,1,12,12,4,15.6,35,44,2.747271,384.0091
45,12,0,1,0,0,23.19231,1,12,12,4,40.06,62,48,3.690378,537.8832
41,12,0,1,0,0,21.76923,0,11,12,0,16,40,48,2.772589,473.8994
39,12,0,1,0,0,20.82692,1,6,12,0,17.85,42,39,2.882004,433.7606
43,12,0,1,0,0,23.03846,1,12,11,2,12.01,64,52,2.48574,530.7706
41,16,0,1,0,0,17.38461,1,18,15,1,34.61,59,48,3.544143,302.2246
44,12,0,1,0,0,22.63461,1,11,10,1,11.32,54,51,2.426571,512.3256
42,18,0,1,0,0,20.61539,1,13,12,4,64.9,55,61,4.172848,424.9943
38,12,0,1,0,0,18.21154,0,19,12,2,38.46,65,61,3.649619,331.6602
41,12,0,1,0,0,22.98077,0,12,12,6,26.82,61,52,3.289148,528.1158
44,14,0,1,0,0,19.57692,1,10,12,2,21.15,62,60,3.05164,383.2558
41,9,0,1,0,0,20.44231,1,9,9,4,17.12,38,33,2.840247,417.8881
44,13,0,1,0,0,22.53846,1,12,10,9,28.8,62,59,3.360375,507.9822
41,18,0,1,0,0,16.96154,1,8,12,4,20,62,43,2.995732,287.6938
43,16,0,1,0,1,22.19231,1,12,9,4,30.28,64,59,3.410487,492.4986
44,16,0,1,0,0,19.01923,0,12,12,1,54.27,58,56,3.993972,361.7311
40,12,0,1,0,0,20.80769,1,12,12,6,17.54,64,54,2.864484,432.96
44,11,0,1,1,0,21.51923,1,9,6,9,6.97,30,37,1.941615,463.0772
43,14,0,1,0,1,19.26923,0,5,6,7,12.2,54,59,2.501436,371.3032
41,16,0,1,0,0,15.32692,1,16,16,3,29.8,64,43,3.394508,234.9145
39,19,0,1,0,0,13.67308,1,12,10,2,48.07,66,59,3.872658,186.9531
45,13,0,1,0,0,21.92308,1,15,12,2,29.61,65,59,3.388112,480.6215
43,14,0,1,0,0,23.21154,1,17,14,3,30.27,64,61,3.410157,538.7756
38,16,0,1,0,0,12.92308,1,16,12,2,26.51,58,59,3.277522,167.006
40,12,0,1,0,0,22.09615,1,12,12,2,50,64,54,3.912023,488.2398
44,19,0,1,0,0,1.788462,1,16,14,3,37.11,65,60,3.613887,3.198596
39,11,0,1,0,0,16.17308,1,14,12,2,10,35,21,2.302585,261.5685
39,12,0,1,0,0,19.90385,1,14,12,3,16.16,43,37,2.782539,396.1633
41,14,0,1,0,0,20.19231,1,12,12,2,55.55,61,61,4.017283,407.7294
43,11,0,1,1,0,9.153846,0,11,11,7,8.75,34,22,2.169054,83.79289
42,15,0,1,0,0,16.69231,1,18,13,2,26,61,60,3.258096,278.6332
39,12,0,1,0,0,20.82692,1,16,12,6,15.73,62,52,2.75557,433.7606
39,9,0,1,1,0,19.78846,0,16,11,3,7,36,35,1.94591,391.5831
39,14,0,1,0,0,14.30769,0,12,12,4,8.54,62,60,2.144761,204.71
39,14,0,1,0,0,18.96154,1,12,12,1,56.92,42,52,4.041647,359.54
37,12,0,1,0,0,17.44231,1,8,13,2,26.5,65,54,3.277145,304.2342
44,12,0,1,1,0,20.63461,0,5,10,6,8.81,38,31,2.175888,425.7871
38,16,0,1,0,0,11.96154,1,20,12,1,31,54,56,3.433987,143.0784
40,12,0,1,0,0,20.40385,1,14,16,4,18.53,59,57,2.919391,416.3171
43,12,0,1,0,0,21.71154,0,16,12,1,25,61,59,3.218876,471.391
39,16,0,1,0,0,16.90385,0,14,12,2,44.71,57,44,3.800197,285.7402
41,12,0,1,0,1,20.13461,1,2,6,6,7.5,42,38,2.014903,405.4025
42,12,0,1,0,0,22.07692,0,12,12,3,15.11,43,44,2.715357,487.3904
42,12,0,1,0,0,20.07692,1,17,17,1,21.37,42,42,3.061988,403.0827
38,13,1,0,1,0,17.48077,0,9,14,3,8.43,39,44,2.131797,305.5773
41,10,1,0,0,0,16.23077,0,10,10,1,7,46,50,1.94591,263.4379
41,10,1,0,0,0,11.42308,0,1,1,3,7.14,43,43,1.965713,130.4868
38,16,1,0,0,0,15.96154,1,12,11,3,41.86,46,50,3.734331,254.7708
44,12,1,0,0,0,19.09615,0,20,12,2,10.5,42,51,2.351375,364.6629
37,12,1,0,0,0,18.76923,1,12,12,5,31.39,49,34,3.446489,352.284
45,12,1,0,0,0,15.32692,0,12,12,3,5.65,53,60,1.731656,234.9145
43,13,1,0,0,0,17.84615,1,10,12,4,9,49,60,2.197225,318.485
40,19,1,0,0,0,6.769231,1,16,16,2,8.7,62,55,2.163323,45.82249
40,10,1,0,0,0,14.01923,0,8,12,4,14,36,42,2.639057,196.5388
44,12,1,0,0,0,11.59615,1,9,12,3,18.75,43,48,2.931194,134.4707
39,12,1,0,1,0,7.307693,1,12,12,4,6.25,36,34,1.832582,53.40238
39,12,1,0,1,0,10.86539,1,4,7,11,8,36,25,2.079442,118.0567
43,13,1,0,0,0,22.90385,0,10,12,2,9,40,50,2.197225,524.5864
44,16,1,0,0,0,19.51923,1,16,16,0,15,59,61,2.70805,381.0003
43,16,1,0,0,0,14.57692,1,18,15,5,9,46,59,2.197225,212.4866
40,12,1,0,0,0,21.61539,0,8,9,3,14.75,61,57,2.691243,467.2251
44,13,1,0,0,0,12.78846,1,12,12,5,6,51,54,1.791759,163.5447
43,15,1,0,0,0,16.94231,0,12,13,2,8,64,59,2.079442,287.0419
37,18,1,0,0,0,11.48077,1,18,14,1,11,54,59,2.397895,131.8081
38,12,1,0,0,0,17.65385,1,12,12,2,20,50,54,2.995732,311.6584
41,16,1,0,0,0,16.07692,1,13,12,4,26.16,38,46,3.264231,258.4673
41,16,1,0,0,0,16.76923,0,16,14,3,10.93,54,54,2.391511,281.2071
38,16,1,0,0,0,14.36539,1,5,11,2,21.7,58,46,3.077312,206.3644
42,12,1,0,0,0,19.42308,0,16,16,3,17.36,51,56,2.854169,377.256
44,15,1,0,1,0,9.384615,0,12,12,9,6.73,32,46,1.906575,88.071
41,16,1,0,0,0,18,0,10,12,2,39.66,65,61,3.680343,324
39,12,1,0,1,0,6.115385,0,11,11,13,7.85,34,31,2.060513,37.39793
40,13,1,0,1,0,13.5,0,14,10,1,15.58,38,39,2.745988,182.25
45,12,1,0,0,0,21,0,12,12,6,17.71,39,52,2.874129,441
39,13,1,0,0,0,20.19231,1,16,12,6,20.54,46,44,3.022374,407.7294
40,14,1,0,1,0,20.40385,1,12,12,3,20.87,39,38,3.038313,416.3171
44,12,1,0,0,0,16.80769,1,3,8,7,10,47,43,2.302585,282.4984
40,0,1,0,0,1,8.788462,1,3,3,12,4.84,36,25,1.576915,77.23706
37,10,1,0,0,0,2.076923,1,8,13,2,6.25,46,46,1.832582,4.313609
41,16,1,0,0,0,11.59615,0,12,12,9,5.15,43,52,1.638997,134.4707
41,12,1,0,0,1,23.28846,1,3,5,6,14,53,50,2.639057,542.3524
41,15,1,0,1,0,5.673077,0,12,12,3,9.75,34,56,2.277267,32.1838
43,12,1,0,0,0,21.23077,1,12,12,2,14.41,40,47,2.667922,450.7456
44,12,1,0,0,0,21.21154,1,11,11,2,11.17,57,56,2.413232,449.9294
39,12,1,0,0,0,18.07692,1,12,12,2,2.9,46,47,1.064711,326.775
39,14,1,0,0,0,15.63461,1,12,8,8,13.11,34,41,2.573375,244.441
39,16,1,0,0,0,17.07692,1,16,16,3,14.42,59,56,2.668616,291.6212
40,17,1,0,0,0,15.65385,1,17,12,2,13.37,53,57,2.593013,245.043
41,12,1,0,0,0,9.096154,1,13,12,2,4.15,47,60,1.423108,82.74002
41,12,1,0,0,1,15.55769,0,15,10,3,16,35,35,2.772589,242.0417
38,16,1,0,0,0,15,0,16,12,3,16.34,54,57,2.793616,225
42,12,1,0,0,0,21.28846,0,7,7,5,9.8,45,44,2.282382,453.1985
42,18,1,0,0,0,18.38461,1,18,14,5,24.61,51,57,3.203153,337.9939
39,17,1,0,0,0,16.51923,0,12,12,3,17.3,32,33,2.850706,272.8849
39,12,1,0,0,0,12.75,0,8,9,5,12.77,40,43,2.547099,162.5625
42,12,1,0,0,0,2.134615,1,8,12,2,14.5,50,52,2.674149,4.556581
40,16,1,0,0,0,14.73077,1,16,13,4,40.72,64,56,3.706719,216.9956
40,13,1,0,1,0,20.86539,0,12,12,3,8,32,39,2.079442,435.3645
44,20,1,0,1,0,18.21154,0,9,9,11,38.46,61,60,3.649619,331.6602
40,16,1,0,0,0,17,1,12,12,1,16,62,57,2.772589,289
38,15,1,0,1,0,14.96154,1,12,6,4,10.2,43,43,2.322388,223.8477
45,14,1,0,0,0,19.90385,1,11,12,2,18,54,57,2.890372,396.1633
45,12,1,0,0,0,22.96154,1,9,10,8,24.03,49,55,3.179303,527.2323
38,16,1,0,0,1,13.86539,0,8,12,5,15.73,36,39,2.75557,192.249
45,15,1,0,0,0,11.59615,0,12,12,0,6.28,58,57,1.83737,134.4707
37,10,1,0,0,0,9.25,1,10,9,4,20.83,36,35,3.036394,85.5625
38,14,1,0,1,0,10.82692,0,12,11,4,7.5,34,30,2.014903,117.2222
40,18,1,0,0,0,15.71154,1,8,19,3,22.52,57,57,3.114404,246.8525
43,13,1,0,0,0,17.55769,0,12,12,4,9.5,40,48,2.251292,308.2725
40,14,1,0,0,1,19.82692,1,12,4,0,7.06,62,48,1.954445,393.1068
38,13,1,0,0,0,13.36539,1,12,12,1,8.25,55,54,2.110213,178.6337
42,17,1,0,0,0,17.32692,1,12,13,4,11.5,64,55,2.442347,300.2221
41,13,1,0,0,0,14.38461,1,11,12,2,8,38,44,2.079442,206.917
44,12,1,0,0,0,11.40385,1,7,10,3,8.42,45,56,2.13061,130.0478
41,12,1,0,0,0,17.53846,0,12,12,4,15.37,42,44,2.732418,307.5976
41,12,1,0,0,0,20.40385,1,12,12,4,17.7,47,48,2.873565,416.3171
38,14,1,0,0,1,18.25,0,16,12,2,16.41,61,56,2.797891,333.0625
43,12,1,0,0,0,15.26923,1,10,12,4,8.33,39,50,2.119864,233.1494
41,17,1,0,0,0,17.13461,0,10,10,3,20.19,55,59,3.005188,293.5948
38,12,1,0,0,0,12.48077,0,8,11,8,7.25,55,46,1.981001,155.7696
38,19,1,0,0,0,9.557693,1,12,18,0,15.1,61,57,2.714695,91.34949
43,12,1,0,0,0,21.84615,0,12,13,1,21,61,54,3.044523,477.2542
43,14,1,0,0,0,15.46154,1,13,12,4,19.62,62,61,2.976549,239.0592
39,12,1,0,0,0,12,1,12,12,3,10,42,57,2.302585,144
42,13,1,0,1,0,22.75,0,9,14,3,11.75,43,31,2.463853,517.5625
40,19,1,0,0,0,10.73077,1,17,16,1,9.5,58,57,2.251292,115.1494
43,12,1,0,0,0,23.25,1,16,12,6,7.75,57,55,2.047693,540.5625
37,12,1,0,0,1,12.55769,0,14,4,8,12.24,43,44,2.504709,157.6956
45,14,1,0,1,0,17.55769,0,17,14,3,9.25,43,24,2.224623,308.2725
39,17,1,0,0,0,10,1,12,12,3,19.23,54,55,2.956471,100
45,12,1,0,0,0,21.17308,1,12,11,1,15.11,53,56,2.715357,448.2993
44,18,1,0,0,0,4.923077,0,16,12,1,16.1,46,51,2.778819,24.23669
44,14,1,0,0,0,13.78846,1,11,12,7,22.78,49,59,3.125883,190.1216
44,12,1,0,0,0,21.88461,1,10,9,1,9.5,38,54,2.251292,478.9361
38,14,1,0,0,0,14.92308,0,20,16,2,38.26,59,56,3.644405,222.6983
41,12,1,0,1,0,7.346154,1,7,9,3,7.5,32,44,2.014903,53.96598
38,17,1,0,0,0,11.71154,1,18,16,2,31.25,57,56,3.442019,137.1602
45,12,1,0,0,0,22.71154,1,11,7,2,17.78,36,34,2.878074,515.8141
43,12,1,0,0,0,3.326923,1,12,12,4,6.25,46,51,1.832582,11.06842
41,14,1,0,0,0,22.34615,0,16,12,6,72.11,58,51,4.278193,499.3504
39,14,1,0,1,0,13.19231,0,11,12,4,16.34,39,50,2.793616,174.037
38,18,1,0,0,0,13.19231,1,12,12,3,18.02,57,56,2.891482,174.037
41,12,1,0,0,0,16.86539,1,12,8,3,13.25,53,54,2.583997,284.4414
38,12,1,0,1,0,13.51923,0,12,12,4,16.25,36,47,2.788093,182.7696
38,16,1,0,0,0,10.90385,1,13,13,3,7.15,59,51,1.967112,118.8939
37,12,1,0,0,0,11.69231,0,12,13,4,11.22,39,37,2.417698,136.7101
41,12,1,0,1,0,6.096154,0,9,11,1,7,30,29,1.94591,37.1631
45,12,1,0,0,0,20.98077,1,10,12,6,12.96,58,61,2.561868,440.1927
38,18,1,0,0,0,11.71154,1,11,12,2,41.82,58,57,3.733375,137.1602
40,12,1,0,0,0,21.48077,1,12,12,3,18,46,50,2.890372,461.4235
43,12,1,0,0,0,9.884615,1,12,9,3,3.33,38,39,1.202972,97.70561
40,12,1,0,0,0,19.94231,1,9,8,3,10.8,39,28,2.379546,397.6957
44,12,1,0,1,0,18.28846,1,12,12,4,9.46,36,37,2.247072,334.4678
41,12,1,0,0,0,16.13461,1,12,12,4,12,39,54,2.484907,260.3256
39,13,1,0,0,0,16.88461,1,13,12,3,20,47,50,2.995732,285.09
41,12,1,0,0,0,23.03846,0,12,12,3,15.11,53,47,2.715357,530.7706
41,12,1,0,1,0,5.903846,1,12,10,4,6,34,44,1.791759,34.8554
42,12,1,0,0,0,18.46154,1,9,12,3,11.66,46,56,2.456164,340.8285
42,12,1,0,0,0,20.98077,1,12,12,4,12.35,51,48,2.513656,440.1927
39,17,1,0,0,0,12.76923,1,12,12,4,6.5,58,38,1.871802,163.0532
39,13,1,0,0,1,17.21154,1,0,0,4,10.5,38,33,2.351375,296.2371
41,10,1,0,1,0,19.84615,0,11,12,3,6.97,38,28,1.941615,393.8697
43,18,1,0,0,0,17.82692,1,12,12,2,35,59,56,3.555348,317.7991
41,12,1,0,1,0,21.92308,1,8,10,4,19.23,42,52,2.956471,480.6215
37,13,1,0,0,0,15.63461,1,14,12,1,8.05,39,57,2.085672,244.441
38,14,1,0,0,0,14.03846,1,11,12,4,3,45,43,1.098612,197.0784
44,10,1,0,0,0,17.88461,1,12,10,5,11,32,35,2.397895,319.8593
40,16,1,0,0,0,17.90385,1,12,11,3,20.56,59,57,3.023347,320.5479
41,13,1,0,0,0,20.78846,0,14,12,0,11.68,64,59,2.457878,432.1601
43,16,1,0,0,0,20.32692,1,16,15,3,36.05,49,57,3.584907,413.1837
39,12,1,0,0,0,21.48077,1,12,12,2,13.86,55,54,2.629007,461.4235
44,7,1,0,0,0,16.75,0,10,6,5,7.25,32,25,1.981001,280.5625
45,12,1,0,0,0,22.80769,1,8,9,3,4.75,55,55,1.558145,520.1907
43,15,1,0,0,0,21.23077,1,16,17,2,18.42,58,61,2.913437,450.7456
41,12,1,0,0,0,16.36539,0,6,9,3,2.35,36,33,0.8544153,267.826
44,12,1,0,0,0,15.32692,1,10,12,2,13.5,65,57,2.60269,234.9145
38,12,1,0,0,0,10.90385,1,12,11,1,6,39,37,1.791759,118.8939
41,16,1,0,0,0,19.96154,0,16,12,2,39.24,62,61,3.669697,398.4631
40,15,1,0,1,0,16.63461,0,8,10,2,16,39,55,2.772589,276.7102
39,13,1,0,0,0,14.94231,1,10,10,5,22,49,37,3.091043,223.2726
45,14,1,0,0,0,20,1,20,12,2,23.5,55,60,3.157,400
40,16,1,0,0,0,11.36539,1,12,11,2,55.28,65,55,4.012411,129.1721
41,16,1,0,0,0,18.80769,1,18,12,3,16.61,47,57,2.810005,353.7292
42,14,1,0,0,0,16.25,0,15,14,3,23.45,43,60,3.154871,264.0625
37,10,1,0,0,0,15.53846,1,6,9,7,12.35,40,25,2.513656,241.4437
38,16,1,0,0,0,16.15385,1,12,12,4,36.32,61,50,3.592369,260.9469
42,12,1,0,0,0,23.07692,1,8,7,4,8.5,42,47,2.140066,532.5442
40,13,1,0,0,0,17.59615,1,9,11,2,13,49,51,2.564949,309.6245
40,12,1,0,1,0,5.096154,0,10,11,9,9.38,39,24,2.23858,25.97079
43,13,1,0,0,0,10.34615,0,9,10,6,7.58,35,55,2.025513,107.0428
43,12,1,0,0,0,20.17308,0,11,10,3,18,59,52,2.890372,406.9532
38,16,1,0,0,0,9.288462,1,19,10,0,12,66,57,2.484907,86.27552
41,12,1,0,0,0,17.51923,1,12,14,2,10.89,36,38,2.387845,306.9234
40,12,1,0,0,0,21.78846,1,12,12,4,15.93,45,56,2.768204,474.737
44,12,1,0,0,0,23.23077,1,17,16,4,16.54,59,60,2.805782,539.6687
41,12,1,0,1,0,22.98077,0,12,11,5,10.79,39,35,2.37862,528.1158
39,16,1,0,0,0,17.26923,1,16,12,4,23.07,66,61,3.138533,298.2263
38,12,1,0,0,0,15.78846,1,12,11,4,12,53,54,2.484907,249.2755
39,14,1,0,0,0,17.90385,1,14,16,7,23.25,46,55,3.146305,320.5479
44,12,1,0,0,0,23.19231,1,15,15,6,16.82,42,55,2.822569,537.8832
44,12,1,0,0,0,4.442307,0,12,12,4,14.5,59,60,2.674149,19.73409
43,12,1,0,1,0,12.92308,0,7,8,3,8.53,38,34,2.143589,167.006
39,9,1,0,0,0,10.42308,1,12,12,3,7.4,39,29,2.00148,108.6406
39,16,1,0,0,0,15.73077,0,13,14,3,31.25,38,50,3.442019,247.4571
38,18,1,0,0,0,15.01923,1,12,12,0,6.15,43,55,1.816452,225.5773
44,15,1,0,0,1,4.596154,1,12,12,3,20.19,43,54,3.005188,21.12463
39,12,1,0,0,0,16.92308,1,11,12,2,9,35,34,2.197225,286.3907
38,12,1,0,0,0,20.23077,1,11,12,1,14,58,59,2.639057,409.2841
38,18,1,0,0,0,9.884615,1,12,12,1,21.15,61,57,3.05164,97.70561
39,14,1,0,0,0,13.59615,1,12,12,6,2.65,51,50,0.9745597,184.8553
45,12,1,0,0,0,15.23077,0,12,12,1,10.98,45,54,2.396075,231.9764
42,12,1,0,1,0,22.73077,0,9,11,4,11.53,30,21,2.444952,516.6879
44,17,1,0,1,0,14.34615,0,12,16,0,14.93,55,57,2.703373,205.812
42,16,1,0,0,0,19.55769,0,12,12,0,24.47,45,46,3.197448,382.5032
39,15,1,0,0,1,12.07692,1,14,12,5,19.5,32,37,2.970414,145.852
39,20,1,0,0,0,13,1,18,14,2,80.12,64,39,4.383525,169
40,18,1,0,0,0,12.25,1,15,16,2,33.17,55,60,3.501646,150.0625
38,12,1,0,0,0,1.769231,0,7,9,3,9.75,36,33,2.277267,3.130178
40,13,1,0,0,0,14.42308,1,9,12,2,9.3,50,56,2.230014,208.0253
38,16,1,0,0,0,15.69231,1,15,12,4,9.88,45,50,2.290513,246.2486
43,12,1,0,0,0,18.40385,1,14,14,1,7.5,35,52,2.014903,338.7017
43,14,1,0,0,0,15.32692,0,6,9,7,15.14,43,61,2.71734,234.9145
38,12,1,0,0,0,15.21154,1,10,10,1,9,42,43,2.197225,231.391
39,8,1,0,0,0,18.34615,0,6,12,5,9.7,38,42,2.272126,336.5812
38,12,1,0,0,0,16.44231,1,11,11,2,29,50,46,3.367296,270.3496
38,12,1,0,0,0,20.23077,0,12,13,7,48,43,42,3.871201,409.2841
40,18,1,0,0,0,15.57692,1,12,11,5,14.54,42,56,2.676903,242.6404
42,13,1,0,0,0,19.73077,0,8,10,3,14,47,55,2.639057,389.3033
44,14,1,0,0,0,19.09615,1,12,16,5,7,61,57,1.94591,364.6629
38,15,1,0,0,0,13.51923,1,12,12,2,11.83,55,60,2.470639,182.7696
44,15,1,0,0,0,15.13461,1,18,16,5,10,55,59,2.302585,229.0564
43,14,1,0,1,0,20.78846,1,18,12,2,32.05,59,61,3.467297,432.1601
45,12,1,0,0,0,8.980769,1,10,5,4,6,51,59,1.791759,80.65421
38,16,1,0,0,0,16.59615,1,12,11,2,26.35,50,50,3.271468,275.4322
41,12,1,0,0,0,22.40385,1,12,12,4,18,43,50,2.890372,501.9325
39,17,1,0,0,0,14.80769,1,15,12,3,12.3,57,56,2.509599,219.2677
42,12,1,0,0,0,23.55769,1,12,10,3,12,40,55,2.484907,554.9647
42,15,1,0,0,0,16.71154,1,8,8,4,16.02,53,47,2.773838,279.2756
41,17,1,0,0,0,16.11539,0,10,12,4,16.66,58,54,2.813011,259.7058
41,12,1,0,0,0,19.28846,0,8,11,4,13.02,66,59,2.566487,372.0447
40,12,1,0,0,0,13.73077,0,10,11,3,12.5,40,54,2.525729,188.534
42,12,1,0,0,0,12.98077,0,12,8,7,9.68,42,54,2.270062,168.5004
39,15,1,0,0,0,8.576923,0,10,12,4,21.63,51,46,3.074081,73.56361
41,20,1,0,0,0,9.807693,0,12,9,4,24.12,62,61,3.183041,96.19083
41,12,1,0,0,0,18.65385,1,11,10,4,14.98,42,51,2.706716,347.9661
43,12,1,0,0,0,16.67308,1,12,16,2,3.3,42,38,1.193922,277.9916
41,16,1,0,0,0,20.65385,1,9,9,3,5.28,42,51,1.663926,426.5815
43,13,1,0,0,0,18.40385,1,13,13,3,13.79,46,51,2.623944,338.7017
41,12,1,0,0,0,19.76923,0,8,6,2,6.75,42,41,1.909543,390.8224
42,16,1,0,0,0,16.23077,1,13,12,2,17.14,66,61,2.841415,263.4379
44,13,1,0,0,0,22.13461,1,14,12,4,23,51,51,3.135494,489.9409
45,18,1,0,0,0,20.40385,0,10,12,2,21.82,59,56,3.082827,416.3171
41,11,1,0,0,0,9.788462,1,9,9,3,8.7,45,34,2.163323,95.81398
43,15,1,0,0,0,18.25,1,8,12,4,14.42,55,59,2.668616,333.0625
40,12,1,0,1,0,17.44231,1,12,10,5,10,40,43,2.302585,304.2342
38,15,1,0,1,0,15.61539,1,11,12,4,20.88,47,50,3.038792,243.8404
42,12,1,0,0,0,17.5,1,9,12,3,23.15,38,41,3.141995,306.25
40,14,1,0,0,0,19.25,1,12,12,3,16,58,47,2.772589,370.5625
37,15,1,0,0,0,13.23077,0,15,12,1,14.65,49,54,2.68444,175.0533
40,14,1,0,0,0,11.76923,1,7,9,3,8.5,46,57,2.140066,138.5148
40,13,1,0,0,0,19.71154,0,10,12,0,11.53,38,52,2.444952,388.5448
41,17,1,0,0,0,15.88461,1,12,12,1,21.36,62,48,3.06152,252.3208
38,16,1,0,0,0,16.84615,1,12,12,2,36.32,55,50,3.592369,283.7928
38,12,1,0,0,0,18.69231,0,12,12,2,11.96,40,46,2.481568,349.4025
38,17,1,0,0,0,13.26923,0,12,12,2,13.22,58,54,2.581731,176.0725
41,16,1,0,0,0,18.25,1,16,14,4,30.28,62,60,3.410487,333.0625
44,12,1,0,0,0,22.09615,1,10,8,2,11.57,55,55,2.448416,488.2398
40,20,1,0,0,0,13.59615,0,16,12,4,17.3,65,61,2.850706,184.8553
44,12,1,0,0,0,17.88461,1,12,12,6,15,54,50,2.70805,319.8593
38,17,1,0,0,0,16.09615,0,16,12,2,11.87,51,59,2.474014,259.086
38,12,1,0,0,0,20.26923,1,9,12,1,10.5,35,39,2.351375,410.8417
37,12,1,0,0,0,12.55769,0,9,12,6,5,35,50,1.609438,157.6956
42,12,1,0,0,0,15.23077,1,12,12,3,13.66,43,54,2.614472,231.9764
42,12,1,0,0,1,9.980769,0,12,8,3,8,36,30,2.079442,99.61575
41,12,1,0,0,0,21.76923,0,12,11,2,22.11,58,57,3.09603,473.8994
40,12,1,0,1,0,8.730769,0,3,7,11,53.06,47,42,3.971423,76.22633
40,19,1,0,0,0,13.25,1,16,16,4,62.5,59,52,4.135167,175.5625
43,13,1,0,0,0,20.42308,0,13,14,3,10.5,62,56,2.351375,417.1022
43,16,1,0,0,0,16.82692,0,16,14,2,17.18,51,57,2.843746,283.1452
38,13,1,0,0,0,2.173077,0,12,12,3,18.04,42,54,2.892591,4.722264
40,12,1,0,0,0,15.03846,0,7,9,2,2.28,49,54,0.8241754,226.1553
40,12,1,0,0,0,15.01923,0,8,12,3,6.75,45,39,1.909543,225.5773
38,19,1,0,0,0,10.59615,1,12,12,2,14.17,55,60,2.651127,112.2784
42,16,1,0,0,0,13.90385,1,16,14,7,17.52,57,59,2.863343,193.317
40,12,1,0,1,0,8.865385,1,10,10,3,6.75,38,26,1.909543,78.59505
41,14,1,0,0,1,14.96154,1,10,10,1,25,42,46,3.218876,223.8477
37,16,1,0,0,0,15.23077,1,14,14,4,27.5,50,51,3.314186,231.9764
45,14,1,0,0,0,17.03846,1,11,13,3,17.57,54,50,2.866193,290.3091
41,13,1,0,0,0,21.17308,0,12,12,1,21.1,64,51,3.049273,448.2993
41,17,1,0,0,0,10.30769,1,16,14,4,20.63,55,51,3.026746,106.2485
38,12,1,0,0,1,13.76923,1,3,5,6,11.28,40,38,2.423031,189.5917
40,16,1,0,0,0,12.71154,1,8,12,6,30,55,54,3.401197,161.5833
39,12,1,0,0,0,20.90385,1,12,12,3,10.25,43,34,2.327278,436.971
38,13,1,0,0,0,18.46154,0,18,12,6,16.82,53,47,2.822569,340.8285
43,12,1,0,1,0,22.96154,0,12,12,2,20.01,51,44,2.996232,527.2323
39,18,1,0,0,0,10.11539,1,16,16,2,33.65,62,54,3.516013,102.3211
38,13,1,0,0,0,13.53846,0,12,12,3,9.82,45,43,2.284421,183.2899
38,12,1,0,0,0,18.44231,1,12,12,3,23,58,41,3.135494,340.1188
42,12,1,0,1,0,16.15385,0,8,10,6,17.5,45,35,2.862201,260.9469
43,16,1,0,0,0,19.32692,0,12,12,8,21.5,59,54,3.068053,373.5298
44,16,1,0,0,0,16.17308,1,6,11,2,13,58,59,2.564949,261.5685
38,14,1,0,0,0,12.05769,1,12,10,1,13,54,51,2.564949,145.3879
42,16,1,0,0,0,19.51923,1,12,12,4,36.24,59,60,3.590163,381.0003
42,12,1,0,0,0,17.40385,1,14,10,2,16.53,40,47,2.805177,302.894
43,13,1,0,0,0,6.403846,1,10,12,3,10,53,57,2.302585,41.00924
39,12,1,0,1,0,18.92308,0,10,12,3,5.44,36,39,1.693779,358.083
38,16,1,0,0,0,14.11539,1,8,12,3,13.42,57,51,2.596746,199.2442
37,12,1,0,0,0,18.46154,0,12,15,6,13.62,35,41,2.611539,340.8285
39,18,1,0,0,0,12.63461,1,10,12,5,22.02,51,47,3.091951,159.6334
38,14,1,0,0,0,13.13461,0,12,12,1,12.5,38,39,2.525729,172.518
45,12,1,0,0,0,18.05769,1,7,16,4,7,58,60,1.94591,326.0802
42,16,1,0,0,0,7.134615,1,9,10,5,16.95,35,39,2.830268,50.90273
44,20,1,0,0,0,7.019231,1,15,12,3,28.04,61,61,3.333632,49.2696
44,15,1,0,0,0,20.21154,1,16,12,2,23.5,58,56,3.157,408.5063
